{
  "label": "SimpleCNN (KD, AugMix teacher)",
  "train_loss": [
    3.576659725443522,
    2.657719538201226,
    2.3345781138949926,
    2.1351802372402613,
    2.0047628089057077,
    1.8393138681199817,
    1.7744537842856514,
    1.7298349842071534,
    1.6851373558892144,
    1.6559327105628119,
    1.5751345660739475,
    1.5552276383294,
    1.5429696604410807,
    1.526935787349277,
    1.5070580571068657,
    1.4693638753467135,
    1.4515404454549155,
    1.448266244676378,
    1.435703315703074,
    1.4170396106931897
  ],
  "train_acc": [
    0.4116666666666667,
    0.5415111111111112,
    0.5924222222222222,
    0.629,
    0.6496222222222222,
    0.6764666666666667,
    0.6879333333333333,
    0.6946666666666667,
    0.704,
    0.7071333333333333,
    0.7229333333333333,
    0.7226444444444444,
    0.7273111111111111,
    0.7297333333333333,
    0.7336444444444444,
    0.7376222222222222,
    0.7419111111111111,
    0.7404666666666667,
    0.7434666666666667,
    0.7483555555555556
  ],
  "val_acc": [
    0.5274,
    0.5924,
    0.6276,
    0.6632,
    0.6794,
    0.6932,
    0.7098,
    0.7206,
    0.7206,
    0.7186,
    0.7294,
    0.7322,
    0.7338,
    0.7372,
    0.741,
    0.7474,
    0.7436,
    0.7506,
    0.749,
    0.7512
  ],
  "test_acc": 0.7553
}