{
  "label": "MobileNet (KD, AugMix teacher)",
  "train_loss": [
    3.1046498228708903,
    2.111876365407308,
    1.6753385896470812,
    1.3669180044809977,
    1.197010094388326,
    0.9248740756140815,
    0.8524739935980903,
    0.8002896453645494,
    0.7601517918692695,
    0.7180307493315803,
    0.5989105710347493,
    0.5648728277206421,
    0.5444840788099501,
    0.5222355849901835,
    0.5072387961917454,
    0.44944110494189793,
    0.4279596016777886,
    0.4202416945351495,
    0.41089106606377496,
    0.4057124781820509
  ],
  "train_acc": [
    0.4552,
    0.6241111111111111,
    0.6979333333333333,
    0.7492222222222222,
    0.7816444444444445,
    0.8269777777777778,
    0.8396888888888889,
    0.8510222222222222,
    0.8575777777777778,
    0.8663111111111111,
    0.8878666666666667,
    0.8940222222222223,
    0.8994,
    0.9027555555555555,
    0.9057555555555555,
    0.9185777777777778,
    0.9241777777777778,
    0.9257111111111112,
    0.9279777777777778,
    0.9290444444444445
  ],
  "val_acc": [
    0.604,
    0.6524,
    0.7336,
    0.7398,
    0.7918,
    0.8518,
    0.8456,
    0.8498,
    0.8574,
    0.867,
    0.8834,
    0.8856,
    0.885,
    0.888,
    0.8906,
    0.8976,
    0.901,
    0.9018,
    0.9,
    0.9016
  ],
  "test_acc": 0.8902
}