{
  "label": "MobileNet (KD, baseline teacher)",
  "train_loss": [
    5.368721793958876,
    3.655052296702067,
    2.7750888259039983,
    2.2371316279941134,
    1.9032081175062392,
    1.4647884038925172,
    1.3092997049119737,
    1.2302194753434923,
    1.149526854186588,
    1.0799677434285482,
    0.9043510872311062,
    0.844329772567749,
    0.8024285057703654,
    0.7735948443518744,
    0.74253461177614,
    0.6630535447014703,
    0.6364560542212592,
    0.6191930265638563,
    0.5970239312701755,
    0.5879109321594238
  ],
  "train_acc": [
    0.43937777777777776,
    0.6190888888888889,
    0.7033111111111111,
    0.7585555555555555,
    0.7904444444444444,
    0.832,
    0.8472666666666666,
    0.8572888888888889,
    0.8666,
    0.8756888888888889,
    0.8919333333333334,
    0.8990888888888889,
    0.9042888888888889,
    0.9062444444444444,
    0.9126,
    0.9227555555555556,
    0.9252666666666667,
    0.9282,
    0.9320222222222222,
    0.9322888888888888
  ],
  "val_acc": [
    0.5576,
    0.666,
    0.7082,
    0.7686,
    0.8022,
    0.8482,
    0.8374,
    0.854,
    0.8564,
    0.859,
    0.8754,
    0.8828,
    0.8754,
    0.8866,
    0.8798,
    0.8944,
    0.8956,
    0.8928,
    0.8978,
    0.8956
  ],
  "test_acc": 0.8928
}