{
  "label": "SimpleCNN (KD)",
  "train_loss": [
    5.581730885484483,
    4.258054086981879,
    3.7490374885135225,
    3.483770855585734,
    3.262028049214681,
    2.9813943656921387,
    2.8765160185919867,
    2.8086500182257756,
    2.740335089365641,
    2.6754004559834796,
    2.543172792477078,
    2.5148340508355034,
    2.4806286156548394,
    2.424927059088813,
    2.419209501054552,
    2.347010986158583,
    2.3288610764291553,
    2.3330136270311144,
    2.305727752388848,
    2.2832945283677843
  ],
  "train_acc": [
    0.4456888888888889,
    0.5716666666666667,
    0.6235555555555555,
    0.65,
    0.6667777777777778,
    0.6971333333333334,
    0.7056444444444444,
    0.7113777777777778,
    0.7158,
    0.7271333333333333,
    0.7389111111111111,
    0.7385333333333334,
    0.7429777777777777,
    0.7475777777777778,
    0.7484,
    0.7556222222222222,
    0.7584222222222222,
    0.7552888888888889,
    0.7592444444444445,
    0.762
  ],
  "val_acc": [
    0.563,
    0.6214,
    0.6512,
    0.698,
    0.6886,
    0.716,
    0.7168,
    0.7378,
    0.7284,
    0.7418,
    0.7474,
    0.7476,
    0.7438,
    0.7546,
    0.7564,
    0.7582,
    0.7614,
    0.7602,
    0.7614,
    0.7594
  ],
  "test_acc": 0.7621
}