{
  "label": "AugMix Fine-tuning",
  "train_loss": [
    0.742178,
    0.542671,
    0.501967,
    0.478664,
    0.456711,
    0.394642,
    0.381764,
    0.361324,
    0.354188,
    0.349574,
    0.308152,
    0.303955,
    0.290536,
    0.282977,
    0.279313,
    0.268932,
    0.258857,
    0.256453,
    0.252625,
    0.249454
  ],
  "train_acc": [
    0.9478,
    0.94538,
    0.94696,
    0.9471,
    0.94812,
    0.96304,
    0.96594,
    0.96584,
    0.96946,
    0.97044,
    0.9765,
    0.97944,
    0.9819,
    0.9834,
    0.98304,
    0.98546,
    0.98774,
    0.98724,
    0.98788,
    0.98878
  ],
  "val_acc": [
    0.9132,
    0.9169,
    0.9176,
    0.92,
    0.9167,
    0.928,
    0.9277,
    0.9295,
    0.9331,
    0.9342,
    0.938,
    0.9363,
    0.9368,
    0.9376,
    0.9352,
    0.9398,
    0.9396,
    0.9416,
    0.9395,
    0.9404
  ],
  "test_acc": 0.9416
}